{
  "latest_year": 2025,
  "corr_latest_exposure_vs_cum_growth": 0.4368705100752434,
  "corr_latest_exposure_vs_avg_growth": 0.4316770297374274,
  "corr_pooled_exposure_vs_yoy_growth": 0.04948927939116708,
  "n_groups_latest": 5,
  "n_obs_pooled": 125
}