{
  "design": "TWFE intensity DiD",
  "post_start_year": 2022,
  "term": "ai_exposure_x_post2022",
  "coef": -0.001272686300165058,
  "se_hc1": 0.0028355110875513214,
  "t": -0.4488384142641879,
  "ci95_low": -0.006830288031765648,
  "ci95_high": 0.004284915431435532,
  "n_obs": 125
}