post_year,coef,se,t,n_obs,spec
2018,-0.0016816940489548793,0.0027268574636573925,-0.6167150543685955,125,post_2018
2020,-8.314468243675321e-05,0.002812155786340898,-0.02956617227274555,125,post_2020
2022,-0.001272686300165058,0.0028355110875513214,-0.4488384142641879,125,post_2022
2022,-0.001043417674542163,0.002735927904369345,-0.3813761586611252,125,post_2022_winsorized
