{
  "n_specs": 4,
  "main_spec_coef": -0.001272686300165058,
  "main_spec_se": 0.0028355110875513214
}